instant;Date;Season;Holiday;Weather;Temp;Feel_Temp;Hum;Wind;Casual;Registered;cnt
1;1/01/2020;Springer;No;Mist + Cloudy;8,175849;9,090375;0,805833;10,749882;331;654;985
2;2/01/2020;Springer;No;Mist + Cloudy;9,083466;8,625733;0,696087;-16,652113;131;670;801
3;3/01/2020;Springer;No;Few clouds;1,229108;0,902035;0,437273;16,636703;120;1229;1349
4;4/01/2020;Springer;No;Few clouds;1,4;1,969734;0,590435;10,739832;108;1454;1562
5;5/01/2020;Springer;No; Partly    cloudy;2,666979;2,77569;0,436957;12,5223;82;1518;1600
6;6/01/2020;Springer;No;Clear;1,604356;2,960823;0,518261;6,0008684;88;1518;1606
7;7/01/2020;Springer;No;Mist;1,236534;1,815433;0,498696;11,304642;148;1362;1510
8;8/01/2020;Springer;No;Mist + Broken clouds;-0,245;-0,374062;0,535833;17,875868;68;891;959
9;9/01/2020;Springer;No; Partly cloudy;-1,498349;-2,539775;0,434167;24,25065;54;768;822
10;10/01/2020;Springer;No; Partly    cloudy;-0,910849;-0,908264;0,482917;14,958889;41;1280;1321
11;11/01/2020;Springer;No;Mist;-0,052723;0,998808;0,686364;8,182844;43;1220;1263
12;12/01/2020;Springer;No; Partly cloudy;0,118169;-0,457769;0,599545;20,410009;25;1137;1162
13;13/01/2020;Springer;No; Partly cloudy;-0,245;-0,908499;0,470417;20,167;38;1368;1406
14;14/01/2020;Springer;No;Few clouds;-0,43911;0,855411;0,537826;8,478716;54;1367;1421
15;15/01/2020;Springer;No;Mist + Few clouds;2,966651;3,661264;0,49875;10,583521;222;1026;1248
16;16/01/2020;Springer;No; Partly cloudy;2,888349;3,008199;0,48375;12,625011;251;953;1204
17;17/01/2020;Springer;Yes;Mist + Few clouds;0,264151;0,308237;0,5375;12,999139;117;883;1000
18;18/01/2020;Springer;No;Mist;2,183349;2,919651;0,861667;9,833925;9;674;683
19;19/01/2020;Springer;No;Mist;5,732178;6,025834;0,741739;13,957239;78;1572;1650
20;20/01/2020;Springer;No;Mist + Cloudy;4,298349;3,98735;0,538333;13,125568;83;1844;1927
21;21/01/2020;Springer;No; Partly cloudy;0,3425;-0,581849;0,457083;23,667214;75;1468;1543
22;22/01/2020;Springer;No;Clear;-5,2208712;-4,2837288;0,4;11,52199;93;888;981
23;23/01/2020;Springer;No; Partly    cloudy;-3,4634801;-3,3545623;0,436522;16,5222;150;836;986
24;24/01/2020;Springer;No;Clear;-3,4226089;-2,45729;0,491739;10,60811;86;1330;1416
25;25/01/2020;Springer;No;Mist;2,503466;3,022722;0,616957;8,696332;186;1799;1985
26;26/01/2020;Springer;No;Rain + Thunderstorm;2,2225;1,5692;0,8625;19,68795;34;472;506
27;27/01/2020;Springer;No; Partly    cloudy;1,165;2,3259;0,6875;7,627079;15;416;431
28;28/01/2020;Springer;No;Mist + Few clouds;1,563466;2,495899;0,793043;8,2611;38;1129;1167
29;29/01/2020;Springer;No; Partly cloudy;1,236534;1,969922;0,651739;9,739455;123;975;1098
30;30/01/2020;Springer;No; Partly cloudy;2,176534;3,765134;0,722174;4,9568342;140;956;1096
31;31/01/2020;Springer;No;Mist;0,499151;0,75375;0,60375;12,541864;42;1459;1501
32;1/02/2020;Springer;No;Mist;1,032178;3,02291;0,829565;3,565271;47;1313;1360
33;2/02/2020;Springer;No;Mist + Broken clouds;4,22;3,957599;0,775417;17,708636;72;1454;1526
34;3/02/2020;Springer;No; Partly cloudy;0,786979;0,360266;0,437826;18,609384;61;1489;1550
35;4/02/2020;Springer;No;Mist + Broken clouds;1,931288;2,743589;0,585217;8,565213;88;1620;1708
36;5/02/2020;Springer;No;Mist;2,966651;3,423726;0,929167;10,792293;100;905;1005
37;6/02/2020;Springer;No;Few clouds;5,434151;5,708537;0,568333;9,5006;354;1269;1623
38;7/02/2020;Springer;No; Partly    cloudy;4,768349;6,271926;0,738333;3,0423561;120;1592;1712
39;8/02/2020;Springer;No; Partly cloudy;2,379151;1,317562;0,537917;24,25065;64;1466;1530
40;9/02/2020;Springer;No;Mist + Few clouds;-1,665199;-1,218699;0,494783;12,652213;53;1552;1605
41;10/02/2020;Springer;No;Few clouds;-1,215644;-0,971244;0,437391;14,869645;47;1491;1538
42;11/02/2020;Springer;No; Partly    cloudy;0,887277;2,034923;0,506364;7,27285;149;1597;1746
43;12/02/2020;Springer;No; Partly    cloudy;2,4575;2,948838;0,544167;13,625589;288;1184;1472
44;13/02/2020;Springer;No;Few clouds;6,876534;7,233311;0,457391;17,479161;397;1192;1589
45;14/02/2020;Springer;No; Partly    cloudy;11,505;10,72245;0,375833;27,999836;208;1705;1913
46;15/02/2020;Springer;No;Clear;4,506089;3,950878;0,314348;19,522058;140;1675;1815
47;16/02/2020;Springer;No; Partly    cloudy;6,958267;6,8614;0,423478;16,869997;218;1897;2115
48;17/02/2020;Springer;No;Few clouds;12,484151;12,146926;0,505;15,416968;259;2216;2475
49;18/02/2020;Springer;No;Few clouds;16,518349;16,063201;0,516667;17,749975;579;2348;2927
50;19/02/2020;Springer;No; Partly    cloudy;10,760849;10,395988;0,187917;34,000021;532;1103;1635
51;20/02/2020;Springer;No; Partly    cloudy;5,405199;5,03451;0,407826;14,956745;639;1173;1812
52;21/02/2020;Springer;Yes;Mist + Cloudy;6,256651;5,351525;0,605;20,625682;195;912;1107
53;22/02/2020;Springer;No; Partly cloudy;0,564434;0,743551;0,577778;13,110761;74;1376;1450
54;23/02/2020;Springer;No;Clear;2,421733;3,548699;0,423043;6,305571;139;1778;1917
55;24/02/2020;Springer;No;Mist + Few clouds;5,895644;5,591977;0,697391;16,783232;100;1707;1807
56;25/02/2020;Springer;No;Mist + Cloudy;9,124356;8,471667;0,712174;23,218113;120;1341;1461
57;26/02/2020;Springer;No;Few clouds;5,2775;5,263024;0,537917;12,500257;424;1545;1969
58;27/02/2020;Springer;No; Partly    cloudy;8,143466;8,502123;0,68;8,391616;694;1708;2402
59;28/02/2020;Springer;No;Mist + Cloudy;11,141831;10,805546;0,876364;19,408962;81;1365;1446
60;1/03/2020;Springer;No;Few clouds;4,533349;4,402313;0,535;14,500475;137;1714;1851
61;2/03/2020;Springer;No; Partly    cloudy;7,745;7,043337;0,449583;20,624811;231;1903;2134
62;3/03/2020;Springer;No;Clear;1,321651;1,406251;0,318333;15,125518;123;1562;1685
63;4/03/2020;Springer;No;Mist + Few clouds;4,298349;4,016913;0,610417;13,624182;214;1730;1944
64;5/03/2020;Springer;No;Mist + Cloudy;10,055849;9,802613;0,789167;16,875357;640;1437;2077
65;6/03/2020;Springer;No;Mist + Cloudy;9,696534;9,213844;0,948261;23,000229;114;491;605
66;7/03/2020;Springer;No;Few clouds;4,301733;3,207667;0,551304;22,870584;244;1628;1872
67;8/03/2020;Springer;No; Partly cloudy;5,7475;6,2128;0,420833;8,08355;316;1817;2133
68;9/03/2020;Springer;No;Mist + Broken clouds;5,904151;5,470576;0,775417;14,75005;191;1700;1891
69;10/03/2020;Springer;No;Light Rain + Scattered clouds;10,287277;10,126396;0;17,545759;46;577;623
70;11/03/2020;Springer;No;Mist + Broken clouds;6,876534;6,335;0,649565;15,60899;247;1730;1977
71;12/03/2020;Springer;No; Partly cloudy;7,470849;7,31025;0,594583;14,791925;724;1408;2132
72;13/03/2020;Springer;No; Partly cloudy;10,064356;9,864277;0,527391;18,130468;982;1435;2417
73;14/03/2020;Springer;No; Partly    cloudy;7,285199;7,604;0,496957;9,174042;359;1687;2046
74;15/03/2020;Springer;No;Mist + Few clouds;6,917377;6,954366;0,655652;12,348703;289;1767;2056
75;16/03/2020;Springer;No;Mist;9,165199;9,24571;0,776522;13,608839;321;1871;2192
76;17/03/2020;Springer;No;Few clouds;11,505;11,285651;0,602917;14,041793;424;2320;2744
77;18/03/2020;Springer;No; Partly    cloudy;17,38;16,769423;0,525217;15,478139;884;2355;3239
78;19/03/2020;Springer;No;Few clouds;14,2075;13,926675;0,379167;24,667189;1424;1693;3117
79;20/03/2020;Springer;No; Partly    cloudy;7,6275;7,31025;0,47375;13,917307;1047;1424;2471
80;21/03/2020;Summer;No;Mist + Broken clouds;12,230445;11,257545;0,737391;19,348461;401;1676;2077
81;22/03/2020;Summer;No;Few clouds;12,758349;12,710174;0,624583;15,12525;460;2243;2703
82;23/03/2020;Summer;No;Mist;8,306979;7,883133;0,839565;15,695487;203;1918;2121
83;24/03/2020;Summer;No;Mist;5,395;4,729151;0,805833;16,333729;166;1699;1865
84;25/03/2020;Summer;No; Partly    cloudy;4,415849;4,046664;0,495;15,458575;300;1910;2210
85;26/03/2020;Summer;No;Clear;4,494151;4,105837;0,394167;14,041257;981;1515;2496
86;27/03/2020;Summer;No;Mist + Cloudy;3,893021;3,765933;0,493913;12,3481;472;1221;1693
87;28/03/2020;Summer;No;Few clouds;4,424356;4,105978;0,302174;14,217668;222;1806;2028
88;29/03/2020;Summer;No;Clear;6,2175;5,766676;0,314167;15,208732;317;2108;2425
89;30/03/2020;Summer;No;Mist + Broken clouds;6,1;5,97545;0,646667;11,583496;168;1368;1536
90;31/03/2020;Summer;No;Snow;4,611651;4,106025;0,918333;14,582282;179;1506;1685
91;1/04/2020;Summer;No;Mist + Broken clouds;6,1;5,322338;0,68625;17,333436;307;1920;2227
92;2/04/2020;Summer;No;Mist + Broken clouds;6,805;6,834939;0,65375;13,208782;898;1354;2252
93;3/04/2020;Summer;No;Few clouds;9,781651;9,802049;0,48;12,208271;1651;1598;3249
94;4/04/2020;Summer;No; Partly    cloudy;18,946651;17,517663;0,42625;25,833257;734;2381;3115
95;5/04/2020;Summer;No;Mist + Few clouds;11,465849;10,72245;0,642083;26,000489;167;1628;1795
96;6/04/2020;Summer;No; Partly    cloudy;10,369151;10,217576;0,470833;17,625221;413;2395;2808
97;7/04/2020;Summer;No;Clear;12,5625;12,383712;0,602917;10,874904;571;2570;3141
98;8/04/2020;Summer;No;Mist + Broken clouds;7,784151;7,250513;0,83625;15,208464;172;1299;1471
99;9/04/2020;Summer;No;Mist + Few clouds;8,0975;8,051863;0,8775;8,916561;879;1576;2455
100;10/04/2020;Summer;No;Mist + Few clouds;;12,056639;0,8575;9,833389;1188;1707;2895
101;11/04/2020;Summer;No;Mist + Broken clouds;19,995644;18,565199;0,716956;21,739758;855;2493;3348
102;12/04/2020;Summer;No;Mist;15,6175;15,173538;0,739167;18,416893;257;1777;2034
103;13/04/2020;Summer;No;Mist + Few clouds;11,3875;11,612301;0,819167;16,791339;209;1953;2162
104;14/04/2020;Summer;No;Clear;13,9725;13,748874;0,540417;7,4169;529;2738;3267
105;15/04/2020;Summer;Yes; Partly cloudy;12,993349;12,769911;0,67125;15,167125;642;2484;3126
106;16/04/2020;Summer;No;Light Rain + Scattered clouds;12,249151;11,998124;0,888333;22,834136;121;674;795
107;17/04/2020;Summer;No; Partly cloudy;13,463349;12,947712;0,479583;20,334232;1558;2186;3744
108;18/04/2020;Summer;No; Partly cloudy;16,0875;15,647862;0,5425;10,958989;669;2760;3429
109;19/04/2020;Summer;No;Mist;15,774151;14,995126;0,665833;10,584057;409;2795;3204
110;20/04/2020;Summer;No; Partly cloudy;19,965;18,526424;0,614167;16,208975;613;3331;3944
111;21/04/2020;Summer;No;Few clouds;13,580849;13,332924;0,407083;21,792286;745;3444;4189
112;22/04/2020;Summer;No;Mist + Cloudy;7,823349;7,131838;0,729583;14,707907;177;1506;1683
113;23/04/2020;Summer;No;Mist + Cloudy;13,62;13,155687;0,887917;15,458575;1462;2574;4036
114;24/04/2020;Summer;No;Mist + Cloudy;19,338349;17,932861;0,810833;12,875725;1710;2481;4191
115;25/04/2020;Summer;No;Clear;20,513349;19,0015;0,776667;12,417311;773;3300;4073
116;26/04/2020;Summer;No; Partly    cloudy;21,688349;19,921901;0,729167;21,8755;678;3722;4400
117;27/04/2020;Summer;No;Mist;21,14;19,031674;0,835417;20,9174;547;3325;3872
118;28/04/2020;Summer;No;Mist + Cloudy;21,0225;19,209663;0,700833;21,500836;569;3489;4058
119;29/04/2020;Summer;No; Partly    cloudy;15,97;15,380761;0,457083;16,084221;878;3717;4595
120;30/04/2020;Summer;No;Few clouds;14,2075;13,808987;0,503333;15,750025;1965;3347;5312
121;1/05/2020;Summer;No;Mist + Cloudy;13,228349;13,065588;0,762083;7,125718;1138;2213;3351
122;2/05/2020;Summer;No;Mist + Broken clouds;17,810849;17,043151;0,73;12,291418;847;3554;4401
123;3/05/2020;Summer;No;Mist + Cloudy;20,983349;19,357713;0,697083;22,958689;603;3848;4451
124;4/05/2020;Summer;No;Mist + Cloudy;11,465849;11,01855;0,737083;22,042732;255;2378;2633
125;5/05/2020;Summer;No; Partly    cloudy;13,580849;12,770099;0,444167;19,791264;614;3819;4433
126;6/05/2020;Summer;No; Partly cloudy;14,520849;14,283499;0,59;15,292482;894;3714;4608
127;7/05/2020;Summer;No; Partly cloudy;16,44;16,093187;0,54125;10,75015;1612;3102;4714
128;8/05/2020;Summer;No;Few clouds;16,831651;16,389851;0,631667;5,0007125;1401;2932;4333
129;9/05/2020;Summer;No; Partly cloudy;17,0275;16,686562;0,58875;11,792;664;3698;4362
130;10/05/2020;Summer;No; Partly cloudy;17,0275;16,567887;0,489167;7,749957;694;4109;4803
131;11/05/2020;Summer;No;Few clouds;17,4975;16,8348;0,632917;8,083014;550;3632;4182
132;12/05/2020;Summer;No; Partly    cloudy;17,145;16,598061;0,7475;12,707689;695;4169;4864
133;13/05/2020;Summer;No;Mist + Cloudy;16,0875;15,2321;0,863333;12,041575;692;3413;4105
134;14/05/2020;Summer;No;Mist + Few clouds;16,479151;15,529563;0,9225;9,04165;902;2507;3409
135;15/05/2020;Summer;No;Mist + Cloudy;18,4375;17,192;10,867083;10,249593;1582;2971;4553
136;16/05/2020;Summer;No; Partly    cloudy;19,1425;17,874064;0,787917;8,500357;773;3185;3958
137;17/05/2020;Summer;No;Mist + Broken clouds;18,398349;17,310863;0,837917;18,582718;678;3445;4123
138;18/05/2020;Summer;No;Mist;17,85;16,776426;0,87;13,499964;536;3319;3855
139;19/05/2020;Summer;No;Mist + Broken clouds;16,949151;16,004874;0,829583;7,250271;735;3840;4575
140;20/05/2020;Summer;No;Clear;17,223349;16,864974;0,719583;8,375871;909;4008;4917
141;21/05/2020;Summer;No;Few clouds;20,3175;18,882825;0,626667;8,08355;2258;3547;5805
142;22/05/2020;Summer;No; Partly    cloudy;20,395849;19,0015;0,749583;9,916536;1576;3084;4660
143;23/05/2020;Summer;No;Mist + Few clouds;21,688349;19,743912;0,81;15,667414;836;3438;4274
144;24/05/2020;Summer;No;Mist + Cloudy;23,02;20,426211;0,740833;13,875164;659;3833;4492
145;25/05/2020;Summer;No; Partly cloudy;23,059151;20,930474;0,69625;10,333611;740;4238;4978
146;26/05/2020;Summer;No; Partly    cloudy;25,291651;22,770336;0,6775;13,376014;758;3919;4677
147;27/05/2020;Summer;No;Few clouds;24,038349;21,939376;0,65375;16,125493;871;3808;4679
148;28/05/2020;Summer;No; Partly cloudy;22,824151;20,781813;0,729583;15,416164;2001;2757;4758
149;29/05/2020;Summer;No; Partly cloudy;23,3725;20,93085;0,81875;14,333846;2355;2433;4788
150;30/05/2020;Summer;Yes; Partly    cloudy;26,466651;23,541324;0,685;8,792075;1549;2549;4098
151;31/05/2020;Summer;No; Partly    cloudy;28,425;26,093001;0,636667;7,459043;673;3309;3982
152;1/06/2020;Summer;No;Mist + Cloudy;27,915849;25,885449;0,677083;13,875164;513;3461;3974
153;2/06/2020;Summer;No;Few clouds;25,605;22,265274;0,305;19,583229;736;4232;4968
154;3/06/2020;Summer;No;Few clouds;21,14;19,595251;0,354167;16,959107;898;4414;5312
155;4/06/2020;Summer;No;Clear;21,845;19,950712;0,45625;8,250514;1869;3473;5342
156;5/06/2020;Summer;No;Mist + Broken clouds;22,471651;20,989788;0,6525;9,292364;1685;3221;4906
157;6/06/2020;Summer;No; Partly cloudy;23,881651;21,227326;0,6;8,167032;673;3875;4548
158;7/06/2020;Summer;No;Clear;25,2525;22,82965;0,597917;12,583136;763;4070;4833
159;8/06/2020;Summer;No;Few clouds;28,464151;26,182113;0,622083;9,166739;676;3725;4401
160;9/06/2020;Summer;No;Mist + Few clouds;29,991651;27,606213;0,568333;10,042161;563;3352;3915
161;10/06/2020;Summer;No;Clear;27,485;25,054724;0,605;9,417118;815;3771;4586
162;11/06/2020;Summer;No;Clear;26,075;23,867786;0,654583;10,37495;1729;3237;4966
163;12/06/2020;Summer;No; Partly cloudy;24,5475;22,236275;0,747917;10,958989;1467;2993;4460
164;13/06/2020;Summer;No; Partly cloudy;21,845;20,277738;0,494583;20,45845;863;4157;5020
165;14/06/2020;Summer;No;Clear;20,395849;19,802662;0,507083;18,041961;727;4164;4891
166;15/06/2020;Summer;No; Partly cloudy;21,453349;19,624438;0,471667;11,250104;769;4411;5180
167;16/06/2020;Summer;No;Mist + Few clouds;21,531651;19,981262;0,688333;13,833557;545;3222;3767
168;17/06/2020;Summer;No;Clear;22,510849;20,218001;0,735833;9,582943;863;3981;4844
169;18/06/2020;Summer;No; Partly cloudy;24,743349;22,265838;0,670417;8,000336;1807;3312;5119
170;19/06/2020;Summer;No;Mist + Few clouds;24,860849;22,354762;0,666667;6,834;1639;3105;4744
171;20/06/2020;Summer;No;Mist;21,845;19,981262;0,74625;10,416825;699;3311;4010
172;21/06/2020;Fall;No;Mist + Broken clouds;23,999151;21,969362;0,770417;11,458675;774;4061;4835
173;22/06/2020;Fall;No; Partly    cloudy;26,466651;24,609963;0,7075;11,541554;661;3846;4507
174;23/06/2020;Fall;No;Mist + Few clouds;26,231651;24,610151;0,703333;15,999868;746;4044;4790
175;24/06/2020;Fall;No;Clear;26,035849;22,859401;0,573333;14,875675;969;4022;4991
176;25/06/2020;Fall;No; Partly cloudy;24,665;22,235711;0,483333;14,041257;1782;3420;5202
177;26/06/2020;Fall;No; Partly cloudy;23,96;21,968563;0,513333;6,3337311;1920;3385;5305
178;27/06/2020;Fall;No;Mist + Cloudy;24,0775;21,939188;0,658333;7,208396;854;3854;4708
179;28/06/2020;Fall;No;Few clouds;26,975849;24,550226;0,634167;9,666961;732;3916;4648
180;29/06/2020;Fall;No; Partly cloudy;26,231651;22,770336;0,497917;17,542007;848;4377;5225
181;30/06/2020;Fall;No;Clear;24,743349;21,939376;0,434167;12,415904;1027;4488;5515
182;1/07/2020;Fall;No;Clear;25,9575;22,651614;0,39625;6,874736;1246;4116;5362
183;2/07/2020;Fall;No; Partly cloudy;26,701651;23,363476;0,444583;7,709154;2204;2915;5119
184;3/07/2020;Fall;No;Mist + Few clouds;25,683349;23,423025;0,6825;15,333486;2282;2367;4649
185;4/07/2020;Fall;Yes;Mist + Few clouds;26,153349;23,274599;0,637917;5,4591064;3065;2978;6043
186;5/07/2020;Fall;No;Few clouds;27,093349;24,727886;0,590417;8,459286;1031;3634;4665
187;6/07/2020;Fall;No;Clear;25,84;24,224751;0,743333;10,042161;784;3845;4629
188;7/07/2020;Fall;No; Partly cloudy;27,25;24,282937;0,65125;10,6664;754;3838;4592
189;8/07/2020;Fall;No;Mist + Broken clouds;25,330849;23,512701;0,757917;15,083643;692;3348;4040
190;9/07/2020;Fall;No;Few clouds;26,466651;23,215426;0,609167;11,250104;1988;3348;5336
191;10/07/2020;Fall;No;Clear;27,1325;24,431175;0,578333;12,292557;1743;3138;4881
192;11/07/2020;Fall;No;Few clouds;27,8375;26,300788;0,635833;18,916579;723;3363;4086
193;12/07/2020;Fall;No;Few clouds;29,325849;26,745925;0,559167;13,417018;662;3596;4258
194;13/07/2020;Fall;No; Partly cloudy;27,093349;24,401988;0,631667;9,790911;748;3594;4342
195;14/07/2020;Fall;No; Partly    cloudy;23,999151;21,849888;0,47625;16,124689;888;4196;5084
196;15/07/2020;Fall;No; Partly    cloudy;23,176651;21,345437;0,59125;12,249811;1318;4220;5538
197;16/07/2020;Fall;No; Partly cloudy;24,273349;21,998361;0,585;13,958914;2418;3505;5923
198;17/07/2020;Fall;No; Partly cloudy;25,800849;23,482151;0,604167;16,417211;2006;3296;5302
199;18/07/2020;Fall;No; Partly cloudy;27,093349;25,084475;0,65125;14,458868;841;3617;4458
200;19/07/2020;Fall;No; Partly    cloudy;28,503349;27,131513;0,650417;8,7502;752;3789;4541
201;20/07/2020;Fall;No; Partly cloudy;28,111651;27,10195;0,707083;7,625739;644;3688;4332
202;21/07/2020;Fall;No;Mist + Cloudy;30,305;30,839437;0,69125;14,875407;632;3152;3784
203;22/07/2020;Fall;No;Few clouds;31,871651;31,522112;0,580417;8,9177;562;2825;3387
204;23/07/2020;Fall;No; Partly    cloudy;31,910849;29,801489;0,5;8,791807;987;2298;3285
205;24/07/2020;Fall;No; Partly cloudy;31,01;29,356963;0,550833;11,334457;1050;2556;3606
206;25/07/2020;Fall;No;Clear;26,936651;25,885026;0,757083;6,0841561;568;3272;3840
207;26/07/2020;Fall;No;Few clouds;28,268349;24,758013;0,540833;13,417286;750;3840;4590
208;27/07/2020;Fall;No; Partly    cloudy;28,425;24,461349;0,402917;12,292021;755;3901;4656
209;28/07/2020;Fall;No;Clear;28,620849;26,7753;0,583333;11,958093;606;3784;4390
210;29/07/2020;Fall;No; Partly cloudy;31,401651;28,940449;0,5425;11,667246;670;3176;3846
211;30/07/2020;Fall;No; Partly cloudy;29,795849;26,241239;0,465833;11,291979;1559;2916;4475
212;31/07/2020;Fall;No;Few clouds;29,874151;26,300412;0,480833;11,042471;1524;2778;4302
213;1/08/2020;Fall;No; Partly cloudy;28,268349;25,054724;0,550833;10,500039;729;3537;4266
214;2/08/2020;Fall;No;Clear;28,816651;25,232337;0,49125;13,79195;801;4044;4845
215;3/08/2020;Fall;No;Mist + Cloudy;26,388349;23,957039;0,6575;9,084061;467;3107;3574
216;4/08/2020;Fall;No;Mist + Cloudy;25,37;23,245036;0,7575;13,20905;799;3777;4576
217;5/08/2020;Fall;No;Clear;25,409151;22,858649;0,630833;12,374632;1023;3843;4866
218;6/08/2020;Fall;No;Mist + Broken clouds;25,683349;23,779238;0,755;15,29275;1521;2773;4294
219;7/08/2020;Fall;No;Clear;26,8975;25,618724;0,752917;13,499629;1298;2487;3785
220;8/08/2020;Fall;No; Partly    cloudy;27,955;25,054301;0,592083;12,875725;846;3480;4326
221;9/08/2020;Fall;No; Partly    cloudy;28,425;26,033687;0,570417;10,125107;907;3695;4602
222;10/08/2020;Fall;No;Few clouds;28,033349;24,194201;0,424167;13,417286;884;3896;4780
223;11/08/2020;Fall;No;Few clouds;25,7225;22,621487;0,42375;11,041332;812;3980;4792
224;12/08/2020;Fall;No;Few clouds;25,291651;22,739974;0,415;8,416607;1051;3854;4905
225;13/08/2020;Fall;No;Mist;24,234151;22,355326;0,729583;14,167418;1504;2646;4150
226;14/08/2020;Fall;No;Mist + Cloudy;23,803349;21,346236;0,8175;14,916411;1338;2482;3820
227;15/08/2020;Fall;No;Few clouds;23,294151;20,959849;0,712083;13,999918;775;3563;4338
228;16/08/2020;Fall;No; Partly    cloudy;24,939151;22,354339;0,578333;15,834043;721;4004;4725
229;17/08/2020;Fall;No; Partly    cloudy;25,996651;23,333537;0,575417;9,625689;668;4026;4694
230;18/08/2020;Fall;No; Partly    cloudy;;23,126126;0,654583;15,624936;639;3166;3805
231;19/08/2020;Fall;No;Mist + Cloudy;24,195;21,761387;0,722917;9,333636;797;3356;4153
232;20/08/2020;Fall;No;Clear;24,7825;22,502812;0,674167;6,999289;1914;3277;5191
233;21/08/2020;Fall;No;Few clouds;25,409151;23,749675;0,77;16,666518;1249;2624;3873
234;22/08/2020;Fall;No;Clear;24,508349;21,997938;0,47;18,54225;833;3925;4758
235;23/08/2020;Fall;No; Partly cloudy;22,119151;20,485149;0,455417;9,833121;1281;4614;5895
236;24/08/2020;Fall;No;Clear;23,646651;21,642524;0,605;16,958236;949;4181;5130
237;25/08/2020;Fall;No;Mist;24,155849;22,355138;0,771667;14,125811;435;3107;3542
238;26/08/2020;Fall;No; Partly cloudy;24,9;23,007451;0,76125;5,6254875;768;3893;4661
239;27/08/2020;Fall;No;Mist + Few clouds;23,96;21,871132;0,85;25,166339;226;889;1115
240;28/08/2020;Fall;No; Partly    cloudy;25,231773;22,454073;0,561765;20,412153;1415;2919;4334
241;29/08/2020;Fall;No; Partly    cloudy;21,923349;20,574026;0,554583;10,708275;729;3905;4634
242;30/08/2020;Fall;No; Partly    cloudy;22,040849;19,951088;0,548333;8,375536;775;4429;5204
243;31/08/2020;Fall;No; Partly cloudy;22,863349;20,722687;0,597917;5,5833311;688;4370;5058
244;1/09/2020;Fall;No;Clear;22,785;20,901287;0,639167;9,500332;783;4332;5115
245;2/09/2020;Fall;No;Mist + Few clouds;22,236651;20,425976;0,727083;9,375243;875;3852;4727
246;3/09/2020;Fall;No;Clear;23,450849;21,761011;0,716667;12,416775;1935;2549;4484
247;4/09/2020;Fall;No;Few clouds;25,330849;23,275163;0,742083;13,833289;2521;2419;4940
248;5/09/2020;Fall;Yes;Mist + Few clouds;23,646651;21,405362;0,790417;14,250632;1236;2115;3351
249;6/09/2020;Fall;No;Light Rain + Scattered clouds;17,38;16,2144;0,886957;23,044181;204;2506;2710
250;7/09/2020;Fall;No;Light Rain + Scattered clouds;20,160849;17,578763;0,917083;6,5003936;118;1878;1996
251;8/09/2020;Fall;No;Rain + Thunderstorm;21,793911;18,101967;0,939565;12,914116;153;1689;1842
252;9/09/2020;Fall;No;Mist;22,55;19,210462;0,897917;8,333393;417;3127;3544
253;10/09/2020;Fall;No;Clear;23,02;20,574214;0,75375;10,291736;1750;3595;5345
254;11/09/2020;Fall;No;Clear;22,706651;20,633763;0,71375;7,708618;1633;3413;5046
255;12/09/2020;Fall;No;Clear;22,284356;20,30011;0,692174;5,957171;690;4023;4713
256;13/09/2020;Fall;No; Partly    cloudy;22,589151;20,367038;0,7125;9,500868;701;4062;4763
257;14/09/2020;Fall;No;Clear;23,646651;21,4643;0,697083;11,2091;647;4138;4785
258;15/09/2020;Fall;No;Mist + Few clouds;19,1425;18,022537;0,709167;18,166782;428;3231;3659
259;16/09/2020;Fall;No;Mist;14,050849;13,689325;0,590417;11,000261;742;4018;4760
260;17/09/2020;Fall;No;Mist + Cloudy;15,108349;14,490064;0,718333;12,708225;1434;3077;4511
261;18/09/2020;Fall;No;Clear;15,8525;15,055239;0,695;11,958361;1353;2921;4274
262;19/09/2020;Fall;No;Mist;17,810849;16,894725;0,69;10,166714;691;3848;4539
263;20/09/2020;Fall;No;Mist + Few clouds;18,398349;17,014199;0,88125;9,041918;438;3203;3641
264;21/09/2020;Fall;No;Mist;19,965;17,875051;0,9;6,4590814;539;3813;4352
265;22/09/2020;Fall;No;Mist + Few clouds;21,531651;18,083261;0,902083;8,584375;555;4240;4795
266;23/09/2020;Winter;No;Mist + Few clouds;20,630849;16,539875;0,9725;5,2505689;258;2137;2395
267;24/09/2020;Winter;No;Mist;20,513349;18,527364;0,8625;5,2516811;1776;3647;5423
268;25/09/2020;Winter;No;Mist + Cloudy;21,805849;18,913939;0,845;3,3754064;1544;3466;5010
269;26/09/2020;Winter;No;Mist + Broken clouds;22,510849;19,684974;0,848333;7,4169;684;3946;4630
270;27/09/2020;Winter;No;Mist + Broken clouds;21,923349;19,002675;0,885417;7,917457;477;3643;4120
271;28/09/2020;Winter;No;Mist;21,845;19,032426;0,84875;9,958143;480;3427;3907
272;29/09/2020;Winter;No;Few clouds;20,983349;19,002064;0,699167;11,583161;653;4186;4839
273;30/09/2020;Winter;No;Clear;18,515849;17,606963;0,6475;13,833825;830;4372;5202
274;1/10/2020;Winter;No;Mist + Broken clouds;11,27;11,404561;0,75375;19,583832;480;1949;2429
275;2/10/2020;Winter;No;Mist + Few clouds;8,763349;8,229899;0,791667;14,874871;616;2302;2918
276;3/10/2020;Winter;No;Mist + Broken clouds;10,055849;10,426162;0,760833;5,5841686;330;3240;3570
277;4/10/2020;Winter;No;Few clouds;14,755849;14,224326;0,71;13,792218;486;3970;4456
278;5/10/2020;Winter;No;Few clouds;17,301651;16,775486;0,647917;11,87575;559;4267;4826
279;6/10/2020;Winter;No; Partly    cloudy;15,225849;14,579975;0,620833;9,041918;639;4126;4765
280;7/10/2020;Winter;No;Few clouds;16,009151;15,706988;0,684167;1,5002439;949;4036;4985
281;8/10/2020;Winter;No;Few clouds;16,518349;16,122374;0,70125;3,0420814;2235;3174;5409
282;9/10/2020;Winter;No; Partly cloudy;17,419151;16,627201;0,7275;4,25115;2397;3114;5511
283;10/10/2020;Winter;Yes;Clear;18,829151;17,517475;0,73375;2,8343814;1514;3603;5117
284;11/10/2020;Winter;No;Mist + Few clouds;18,633349;17,666512;0,80875;9,583814;667;3896;4563
285;12/10/2020;Winter;No;Snow;17,536651;16,332699;0,90625;16,62605;217;2199;2416
286;13/10/2020;Winter;No;Mist + Broken clouds;19,690849;17,934788;0,896667;9,499729;290;2623;2913
287;14/10/2020;Winter;No;Mist;17,889151;16,894725;0,71625;15,000161;529;3115;3644
288;15/10/2020;Winter;No;Clear;15,813349;15,440075;0,483333;17,291561;1899;3318;5217
289;16/10/2020;Winter;No;Clear;16,048349;15,648238;0,486667;18,875039;1748;3293;5041
290;17/10/2020;Winter;No;Clear;17,105849;16,004075;0,579583;11,750393;713;3857;4570
291;18/10/2020;Winter;No;Mist + Broken clouds;17,0275;16,567887;0,701667;7,375829;637;4111;4748
292;19/10/2020;Winter;No;Rain + Thunderstorm;17,461733;16,150856;0,895217;16,303713;254;2170;2424
293;20/10/2020;Winter;No;Few clouds;14,364151;13,926675;0,63625;28,292425;471;3724;4195
294;21/10/2020;Winter;No; Partly    cloudy;12,0925;11,909012;0,574167;14,833532;676;3628;4304
295;22/10/2020;Winter;No;Clear;11,8575;11,998124;0,629167;6,2086689;1499;2809;4308
296;23/10/2020;Winter;No; Partly    cloudy;11,818349;11,849651;0,74125;6,6673375;1619;2762;4381
297;24/10/2020;Winter;No;Clear;13,776651;13,482149;0,772083;7,959064;699;3488;4187
298;25/10/2020;Winter;No; Partly    cloudy;14,168349;13,778625;0,622917;11,166086;695;3992;4687
299;26/10/2020;Winter;No;Mist + Broken clouds;14,755849;14,223762;0,720417;9,959014;404;3490;3894
300;27/10/2020;Winter;No;Mist + Few clouds;14,09;13,481162;0,812917;13,250121;240;2419;2659
301;28/10/2020;Winter;No;Mist + Cloudy;7,549151;6,984164;0,585833;15,375093;456;3291;3747
302;29/10/2020;Winter;No;Snow;3,945849;2,711911;0,8825;23,541857;57;570;627
303;30/10/2020;Winter;No;Clear;7,000849;7,102463;0,62375;11,833339;885;2446;3331
304;31/10/2020;Winter;No; Partly    cloudy;7,98;8,734961;0,703333;7,12545;362;3307;3669
305;1/11/2020;Winter;No; Partly cloudy;10,839151;10,663136;0,68375;9,083257;410;3658;4068
306;2/11/2020;Winter;No; Partly cloudy;9,7425;10,336251;0,71875;5,5001439;370;3816;4186
307;3/11/2020;Winter;No; Partly    cloudy;11,191651;11,078287;0,702083;9,166739;318;3656;3974
308;4/11/2020;Winter;No;Mist + Cloudy;10,956651;10,959424;0,6225;18,209193;470;3576;4046
309;5/11/2020;Winter;No;Few clouds;7,353349;7,221138;0,519167;12,667154;1156;2770;3926
310;6/11/2020;Winter;No; Partly cloudy;8,371651;9,030826;0,734583;6,1676314;952;2697;3649
311;7/11/2020;Winter;No;Clear;10,565;10,840937;0,75875;3,834075;373;3662;4035
312;8/11/2020;Winter;No;Few clouds;11,191651;11,375562;0,721667;4,6255125;376;3829;4205
313;9/11/2020;Winter;No;Clear;10,8;11,226713;0,758333;4,1671186;305;3804;4109
314;10/11/2020;Winter;No;Mist;9,86;9,564887;0,813333;12,667489;190;2743;2933
315;11/11/2020;Winter;Yes; Partly cloudy;7,235849;6,420399;0,44625;21,083225;440;2928;3368
316;12/11/2020;Winter;No;Clear;8,763349;8,823274;0,552917;14,208154;1275;2792;4067
317;13/11/2020;Winter;No; Partly    cloudy;12,719151;12,23585;0,458333;18,875307;1004;2713;3717
318;14/11/2020;Winter;No;Clear;16,91;16,656764;0,587083;20,541932;595;3891;4486
319;15/11/2020;Winter;No;Mist + Cloudy;16,91;15,856213;0,68875;13,375411;449;3746;4195
320;16/11/2020;Winter;No;Light Rain + Scattered clouds;13,463349;13,243436;0,93;9,167543;145;1672;1817
321;17/11/2020;Winter;No;Mist;8,058349;7,191387;0,575833;20,459254;139;2914;3053
322;18/11/2020;Winter;No; Partly cloudy;4,885849;4,817887;0,41;11,291711;245;3147;3392
323;19/11/2020;Winter;No;Few clouds;7,470849;7,250701;0,502083;15,041232;943;2720;3663
324;20/11/2020;Winter;No;Mist + Few clouds;13,776651;13,481726;0,684583;12,45865;787;2733;3520
325;21/11/2020;Winter;No;Light Rain + Scattered clouds;13,0325;12,917914;0,91;9,249618;220;2545;2765
326;22/11/2020;Winter;No;Light Rain + Scattered clouds;11,583349;11,819712;0,9625;7,959064;69;1538;1607
327;23/11/2020;Winter;No;Mist + Few clouds;12,719151;12,235239;0,757917;22,500275;112;2454;2566
328;24/11/2020;Winter;Yes; Partly    cloudy;9,546651;9,506137;0,549167;11,209368;560;935;1495
329;25/11/2020;Winter;No; Partly    cloudy;9,625;9,891537;0,64375;-6,6260186;1095;1697;2792
330;26/11/2020;Winter;No;Few clouds;9,664151;10,099089;0,681667;4,5841936;1249;1819;3068
331;27/11/2020;Winter;No; Partly    cloudy;13,580849;13,4226;0,698333;13,999918;810;2261;3071
332;28/11/2020;Winter;No; Partly cloudy;15,663466;15,035734;0,743043;9,522174;253;3614;3867
333;29/11/2020;Winter;No;Mist + Cloudy;13,541651;13,214625;0,830833;17,292164;96;2818;2914
334;30/11/2020;Winter;No;Clear;7,275;6,627387;0,613333;18,167586;188;3425;3613
335;1/12/2020;Winter;No;Clear;6,6875;6,361038;0,524583;14,750586;182;3545;3727
336;2/12/2020;Winter;No; Partly    cloudy;6,765849;7,577351;0,625833;6,750518;268;3672;3940
337;3/12/2020;Winter;No;Clear;6,060849;6,598388;0,612917;6,4174811;706;2908;3614
338;4/12/2020;Winter;No;Clear;7,549151;8,4077;0,775833;5,6252061;634;2851;3485
339;5/12/2020;Winter;No;Mist;10,134151;10,514475;0,827083;4,1679561;233;3578;3811
340;6/12/2020;Winter;No;Snow;13,7375;13,4508;0,949583;15,583061;126;2468;2594
341;7/12/2020;Winter;No;Light Rain + Scattered clouds;11,27;10,811562;0,970417;17,833725;50;655;705
342;8/12/2020;Winter;No; Partly    cloudy;4,494151;4,076086;0,58;16,083886;150;3172;3322
343;9/12/2020;Winter;No; Partly    cloudy;5,669151;6,924474;0,695833;5,5420189;261;3359;3620
344;10/12/2020;Winter;No;Clear;4,925;4,521364;0,5075;15,625807;502;2688;3190
345;11/12/2020;Winter;No; Partly cloudy;2,379151;3,898238;0,49;4,4582939;377;2366;2743
346;12/12/2020;Winter;No; Partly cloudy;3,201651;4,699212;0,670833;4,25115;143;3167;3310
347;13/12/2020;Winter;No; Partly cloudy;5,2775;6,153486;0,59;9,41685;155;3368;3523
348;14/12/2020;Winter;No;Mist;6,9225;7,903014;10,66375;4,0842061;178;3562;3740
349;15/12/2020;Winter;No;Mist + Few clouds;11,8575;11,375139;0,634167;17,958814;181;3528;3709
350;16/12/2020;Winter;No;Mist + Few clouds;9,625;8,911775;0,500417;17,458525;178;3399;3577
351;17/12/2020;Winter;No;Mist + Broken clouds;4,141651;3,720437;0,560833;16,292189;275;2464;2739
352;18/12/2020;Winter;No;Clear;3,201651;3,542213;0,58625;11,375193;220;2211;2431
353;19/12/2020;Winter;No; Partly cloudy;5,003349;5,203851;0,6375;11,584032;260;3143;3403
354;20/12/2020;Winter;No;Mist + Broken clouds;10,134151;10,633338;0,595417;4,1252436;216;3534;3750
355;21/12/2020;Springer;No;Mist + Broken clouds;12,131651;12,116799;0,858333;14,8338;107;2553;2660
356;22/12/2020;Springer;No;Mist + Cloudy;11,896651;12,027687;0,7575;3,167425;227;2841;3068
357;23/12/2020;Springer;No; Partly    cloudy;9,546651;9,743111;0,68625;18,374482;163;2046;2209
358;24/12/2020;Springer;No; Partly cloudy;6,2175;6,064374;0,5425;12,750368;155;856;1011
359;25/12/2020;Springer;No;Few clouds;4,914801;5,158167;0,681304;10,391097;303;451;754
360;26/12/2020;Springer;Yes; Partly    cloudy;7,121733;6,830145;0,506957;16,044155;430;887;1317
361;27/12/2020;Springer;No;Mist + Few clouds;7,275;7,398751;0,7625;12,62615;103;1059;1162
362;28/12/2020;Springer;No; Partly    cloudy;6,05911;5,158778;0,503913;19,695387;255;2047;2302
363;29/12/2020;Springer;No;Few clouds;3,671651;4,402924;0,574167;8,000604;254;2169;2423
364;30/12/2020;Springer;No;Clear;6,648349;6,984164;0,636667;9,000579;491;2508;2999
365;31/12/2020;Springer;No; Partly    cloudy;11,27;11,463687;0,615833;14,750318;665;1820;2485
366;1/01/2021;Springer;No; Partly cloudy;9,39;9,654187;0,6925;12,875189;686;1608;2294
367;2/01/2021;Springer;Yes;Few clouds;4,833021;3,858288;0,381304;22,087555;244;1707;1951
368;3/01/2021;Springer;No; Partly    cloudy;-0,95;-2,065075;0,44125;24,499957;89;2147;2236
369;4/01/2021;Springer;No;Mist + Cloudy;-2,9475;-2,391161;0,414583;12,3749;95;2273;2368
370;5/01/2021;Springer;No;Few clouds;4,494151;5,085364;0,524167;8,709129;140;3132;3272
371;6/01/2021;Springer;No;Few clouds;7,705849;7,992549;0,542083;11,249836;307;3791;4098
372;7/01/2021;Springer;No;Few clouds;10,486651;10,366613;0,531667;11,708786;1070;3451;4521
373;8/01/2021;Springer;No;Few clouds;7,8625;7,992126;0,465;12,833314;599;2826;3425
374;9/01/2021;Springer;No;Mist + Broken clouds;2,535849;3,631513;0,701667;6,6263;106;2270;2376
375;10/01/2021;Springer;No; Partly cloudy;6,508712;6,984822;0,646522;12,565984;173;3425;3598
376;11/01/2021;Springer;No;Mist + Broken clouds;4,885849;5,292587;0,8475;8,791807;92;2085;2177
377;12/01/2021;Springer;No;Mist + Few clouds;9,9775;9,951086;0,802917;12,124789;269;3828;4097
378;13/01/2021;Springer;No; Partly cloudy;4,885849;3,720014;0,5075;25,333236;174;3040;3214
379;14/01/2021;Springer;No;Few clouds;0,46;0,605089;0,4575;12,541261;333;2160;2493
380;15/01/2021;Springer;No; Partly    cloudy;-0,166651;-0,403625;0,419167;16,834286;284;2027;2311
381;16/01/2021;Springer;Yes; Partly cloudy;0,93;0,961161;0,5225;15,500986;217;2081;2298
382;17/01/2021;Springer;No;Mist + Broken clouds;9,533021;9,121066;0,716087;23,39171;127;2808;2935
383;18/01/2021;Springer;No; Partly    cloudy;6,256651;4,936938;0,443333;27,833743;109;3267;3376
384;19/01/2021;Springer;No;Few clouds;0,93;0,931786;0,4975;14,750586;130;3162;3292
385;20/01/2021;Springer;No;Mist;2,2225;2,385026;0,45;13,58425;115;3048;3163
386;21/01/2021;Springer;No;Mist + Few clouds;0,146651;0,219125;0,83125;14,917014;67;1234;1301
387;22/01/2021;Springer;No;Mist + Few clouds;-0,3625;-0,37425;0,79625;13,375746;196;1781;1977
388;23/01/2021;Springer;No;Mist;2,261651;3,423726;0,91125;7,417436;145;2287;2432
389;24/01/2021;Springer;No; Partly    cloudy;8,0975;8,408076;0,835833;8,292389;439;3900;4339
390;25/01/2021;Springer;No; Partly    cloudy;5,825849;5,856587;0,64375;10,791757;467;3803;4270
391;26/01/2021;Springer;No;Mist + Cloudy;8,058349;8,73435;0,769583;4,9175186;244;3831;4075
392;27/01/2021;Springer;No;Mist + Few clouds;11,975;11,523001;0,74125;22,958689;269;3187;3456
393;28/01/2021;Springer;No;Few clouds;6,844151;7,339813;0,543333;14,125543;775;3248;4023
394;29/01/2021;Springer;No;Clear;5,2775;4,817887;0,31125;16,08335;558;2685;3243
395;30/01/2021;Springer;No; Partly    cloudy;4,650849;4,343375;0,400833;14,458064;126;3498;3624
396;31/01/2021;Springer;No;Clear;10,33;9,921899;0,416667;17,541739;324;4185;4509
397;1/02/2021;Springer;No;Few clouds;14,050849;13,927286;0,507917;12,667489;304;4275;4579
398;2/02/2021;Springer;No;Mist + Broken clouds;10,760849;10,751637;0,672917;12,541529;190;3571;3761
399;3/02/2021;Springer;No;Clear;6,726651;6,539262;0,526667;11,959232;310;3841;4151
400;4/02/2021;Springer;No;Mist + Broken clouds;4,415849;4,818075;0,779583;8,167032;384;2448;2832
401;5/02/2021;Springer;No;Mist + Broken clouds;4,494151;4,432487;0,687917;11,791732;318;2629;2947
402;6/02/2021;Springer;No; Partly cloudy;5,282623;5,932022;0,622174;10,3046;206;3578;3784
403;7/02/2021;Springer;No; Partly cloudy;8,645849;8,971888;0,49625;9,874393;199;4176;4375
404;8/02/2021;Springer;No;Mist + Broken clouds;4,063349;4,521787;0,722917;8,959307;109;2693;2802
405;9/02/2021;Springer;No;Clear;4,455;4,313436;0,562083;13,000479;163;3667;3830
406;10/02/2021;Springer;No;Mist + Cloudy;5,199151;5,797226;0,54;7,834243;227;3604;3831
407;11/02/2021;Springer;No;Snow;2,535849;1,910749;0,73125;19,416332;192;1977;2169
408;12/02/2021;Springer;No; Partly    cloudy;-2,0075;-3,222074;0,464583;27,417204;73;1456;1529
409;13/02/2021;Springer;No;Few clouds;2,4575;2,711911;0,41125;11,207961;94;3328;3422
410;14/02/2021;Springer;No;Mist + Few clouds;7,000849;7,695462;0,50875;9,458993;135;3787;3922
411;15/02/2021;Springer;No; Partly    cloudy;8,371651;8,526563;0,53125;12,1672;141;4028;4169
412;16/02/2021;Springer;No;Mist + Broken clouds;6,883349;7,517614;0,752917;6,125475;74;2931;3005
413;17/02/2021;Springer;No; Partly    cloudy;8,136651;8,526563;0,634583;13,791682;349;3805;4154
414;18/02/2021;Springer;No;Few clouds;8,293349;8,704975;0,534583;12,792243;1435;2883;4318
415;19/02/2021;Springer;No;Mist + Cloudy;5,16;4,492036;0,515833;16,958504;618;2071;2689
416;20/02/2021;Springer;Yes;Clear;5,16;4,849377;0,507826;15,348561;502;2627;3129
417;21/02/2021;Springer;No;Clear;5,527822;5,870311;0,594348;13,783039;163;3614;3777
418;22/02/2021;Springer;No;Clear;10,604151;10,455349;0,567917;15,709557;394;4379;4773
419;23/02/2021;Springer;No;Clear;13,345849;12,888962;0,554583;12,791171;516;4546;5062
420;24/02/2021;Springer;No;Mist + Cloudy;11,1525;11,315637;0,7375;15,916989;246;3241;3487
421;25/02/2021;Springer;No; Partly cloudy;5,669151;4,016725;0,395833;28,250014;317;2415;2732
422;26/02/2021;Springer;No;Few clouds;5,120849;4,610476;0,41;13,750343;515;2874;3389
423;27/02/2021;Springer;No; Partly    cloudy;9,233349;8,823838;0,490833;17,958211;253;4069;4322
424;28/02/2021;Springer;No;Few clouds;8,880849;8,615675;0,395833;12,958939;229;4134;4363
425;29/02/2021;Springer;No;Mist;8,184356;8,37809;0,804783;12,000839;65;1769;1834
426;1/03/2021;Springer;No;Clear;14,834151;14,342437;0,615417;15,208129;325;4665;4990
427;2/03/2021;Springer;No;Mist + Broken clouds;8,606651;8,912574;0,657083;9,708568;246;2948;3194
428;3/03/2021;Springer;No;Mist + Few clouds;11,465849;11,434124;0,62125;10,792293;956;3110;4066
429;4/03/2021;Springer;No; Partly cloudy;7,314151;6,241987;0,403333;22,416257;710;2713;3423
430;5/03/2021;Springer;No; Partly    cloudy;3,436651;3,335037;0,50625;15,333486;203;3130;3333
431;6/03/2021;Springer;No;Clear;4,141651;3,986974;0,456667;13,458625;221;3735;3956
432;7/03/2021;Springer;No; Partly    cloudy;10,995849;10,0997;0,513333;23,167193;432;4484;4916
433;8/03/2021;Springer;No;Few clouds;16,7925;16,656388;0,5675;29,584721;486;4896;5382
434;9/03/2021;Springer;No;Mist;11,309151;10,662901;0,407083;27,7916;447;4122;4569
435;10/03/2021;Springer;No; Partly cloudy;5,5125;5,055049;0,350417;15,12525;968;3150;4118
436;11/03/2021;Springer;No;Few clouds;9,001733;8,90449;10,476957;14,913329;1658;3253;4911
437;12/03/2021;Springer;No;Few clouds;13,933349;13,600824;0,489167;13,916771;838;4460;5298
438;13/03/2021;Springer;No;Few clouds;18,555;17,517663;0,6175;15,87565;762;5085;5847
439;14/03/2021;Springer;No; Partly cloudy;18,9075;17,784999;0,507083;7,709154;997;5315;6312
440;15/03/2021;Springer;No; Partly cloudy;18,2025;17,042775;0,579583;10,042161;1005;5187;6192
441;16/03/2021;Springer;No;Mist + Broken clouds;12,484151;12,502763;0,842083;7,583864;548;3830;4378
442;17/03/2021;Springer;No;Mist + Few clouds;16,165849;15,737162;0,755833;7,417168;3155;4681;7836
443;18/03/2021;Springer;No;Mist + Few clouds;14,2075;13,808;0,81;8,501161;2207;3685;5892
444;19/03/2021;Springer;No;Few clouds;17,615;17,042587;0,72875;10,875239;982;5171;6153
445;20/03/2021;Springer;No;Few clouds;18,359151;17,311051;0,807917;8,125157;1051;5042;6093
446;21/03/2021;Summer;No;Mist + Broken clouds;16,988349;16,123126;0,82125;6,0004061;1122;5108;6230
447;22/03/2021;Summer;No; Partly cloudy;18,045849;16,983649;0,83125;7,876654;1334;5537;6871
448;23/03/2021;Summer;No;Mist + Broken clouds;20,278349;18,793149;0,694167;7,7921;2469;5893;8362
449;24/03/2021;Summer;No;Mist + Broken clouds;15,6175;14,876451;0,885417;12,916461;1033;2339;3372
450;25/03/2021;Summer;No;Mist + Broken clouds;12,5625;12,561936;0,880833;14,791925;1532;3464;4996
451;26/03/2021;Summer;No;Few clouds;12,954151;12,62125;0,477917;25,917007;795;4763;5558
452;27/03/2021;Summer;No; Partly cloudy;7,196651;6,835738;0,29;12,541864;531;4571;5102
453;28/03/2021;Summer;No; Partly cloudy;14,755849;14,13465;0,48125;19,541957;674;5024;5698
454;29/03/2021;Summer;No;Clear;15,225849;14,668288;0,439167;21,41655;834;5299;6133
455;30/03/2021;Summer;No;Mist + Broken clouds;9,39;9,654187;0,580833;9,250489;796;4663;5459
456;31/03/2021;Summer;No;Mist + Few clouds;11,935849;11,820276;0,738333;16,791339;2301;3934;6235
457;1/04/2021;Summer;No;Mist + Cloudy;12,014151;11,612489;0,67625;11,541889;2347;3694;6041
458;2/04/2021;Summer;No; Partly    cloudy;12,393911;12,093111;0,504348;20,913313;1208;4728;5936
459;3/04/2021;Summer;No; Partly    cloudy;13,933349;13,689701;0,396667;6,708911;1348;5424;6772
460;4/04/2021;Summer;No;Few clouds;17,458349;17,07215;0,469583;12,125325;1058;5378;6436
461;5/04/2021;Summer;No;Clear;12,445;12,264661;0,374167;14,708443;1192;5265;6457
462;6/04/2021;Summer;No; Partly    cloudy;10,956651;10,366049;0,377083;20,125996;1807;4653;6460
463;7/04/2021;Summer;No;Few clouds;12,5625;12,028063;0,254167;18,416357;3252;3605;6857
464;8/04/2021;Summer;No;Clear;15,5;15,143975;0,275833;15,583932;2230;2939;5169
465;9/04/2021;Summer;No;Clear;14,990849;14,401986;0,3175;23,999132;905;4680;5585
466;10/04/2021;Summer;No; Partly cloudy;12,993349;12,502951;0,435;16,708125;819;5099;5918
467;11/04/2021;Summer;No; Partly    cloudy;8,388712;7,851878;0,469565;19,783358;482;4380;4862
468;12/04/2021;Summer;No; Partly cloudy;10,6825;10,217388;0,46625;19,458743;663;4746;5409
469;13/04/2021;Summer;No;Clear;12,7975;12,294976;0,408333;10,416557;1252;5146;6398
470;14/04/2021;Summer;No;Few clouds;15,265;14,935812;0,502917;12,791439;2795;4665;7460
471;15/04/2021;Summer;No;Few clouds;20,513349;18,972125;0,507917;15,083643;2846;4286;7132
472;16/04/2021;Summer;Yes;Few clouds;23,215849;20,901475;0,561667;19,083543;1198;5172;6370
473;17/04/2021;Summer;No;Few clouds;20,591651;20,128889;0,390417;18,333143;989;5702;6691
474;18/04/2021;Summer;No;Mist + Broken clouds;13,776651;13,480786;0,569167;11,250104;347;4020;4367
475;19/04/2021;Summer;No; Partly cloudy;15,421651;15,173162;0,6125;4,4172564;846;5719;6565
476;20/04/2021;Summer;No; Partly cloudy;16,753349;16,241425;0,694583;10,041357;1340;5950;7290
477;21/04/2021;Summer;No; Partly cloudy;18,79;17,517287;0,682917;19,000329;2541;4083;6624
478;22/04/2021;Summer;No;Rain + Thunderstorm;10,643349;10,306688;0,835417;23,084582;120;907;1027
479;23/04/2021;Summer;No;Mist + Cloudy;7,118349;6,152875;0,766667;20,334232;195;3019;3214
480;24/04/2021;Summer;No; Partly cloudy;11,426651;11,048301;0,454167;16,708661;518;5115;5633
481;25/04/2021;Summer;No; Partly    cloudy;14,403349;14,104899;0,427917;7,959064;655;5541;6196
482;26/04/2021;Summer;No;Mist + Broken clouds;15,421651;14,728401;0,756667;11,833875;475;4551;5026
483;27/04/2021;Summer;No;Few clouds;13,5025;13,273939;0,400833;23,291411;1014;5219;6233
484;28/04/2021;Summer;No;Mist;9,703349;9,742688;0,489583;8,708325;1120;3100;4220
485;29/04/2021;Summer;No;Few clouds;13,541651;13,155687;0,587083;7,832836;2229;4075;6304
486;30/04/2021;Summer;No;Mist + Cloudy;13,815849;13,511712;0,57;11,499746;665;4907;5572
487;1/05/2021;Summer;No;Mist;20,826651;19,119987;0,659583;10,458432;653;5087;5740
488;2/05/2021;Summer;No;Few clouds;18,515849;17,281112;0,797083;9,249886;667;5502;6169
489;3/05/2021;Summer;No;Mist;18,32;17,250374;0,768333;8,957632;764;5657;6421
490;4/05/2021;Summer;No;Clear;21,4925;19,773099;0,735417;10,916846;1069;5227;6296
491;5/05/2021;Summer;No;Mist + Few clouds;21,218349;19,476576;0,756667;10,250464;2496;4387;6883
492;6/05/2021;Summer;No;Mist + Broken clouds;18,4375;17,696639;0,74;10,041893;2135;4224;6359
493;7/05/2021;Summer;No;Mist + Cloudy;17,2625;16,775674;0,664167;15,458307;1008;5265;6273
494;8/05/2021;Summer;No;Mist;19,338349;18,201137;0,685833;19,833943;738;4990;5728
495;9/05/2021;Summer;No;Mist + Cloudy;19,025;17,992175;0,744167;14,499604;620;4097;4717
496;10/05/2021;Summer;No; Partly    cloudy;15,774151;15,113801;0,552083;21,042221;1026;5546;6572
497;11/05/2021;Summer;No;Clear;17,066651;16,479151;0,360417;15,874779;1319;5711;7030
498;12/05/2021;Summer;No; Partly    cloudy;18,515849;17,606399;0,480417;8,249911;2622;4807;7429
499;13/05/2021;Summer;No; Partly    cloudy;20,7875;19,506186;0,57625;15,082839;2172;3946;6118
500;14/05/2021;Summer;No;Mist + Broken clouds;18,946651;17,8453;0,789583;14,250364;342;2501;2843
501;15/05/2021;Summer;No;Mist + Broken clouds;20,748349;19,090988;0,794583;9,875264;625;4490;5115
502;16/05/2021;Summer;No;Clear;21,923349;20,010825;0,697917;8,208304;991;6433;7424
503;17/05/2021;Summer;No;Few clouds;19,886651;18,912811;0,52;15,374825;1242;6142;7384
504;18/05/2021;Summer;No; Partly    cloudy;18,515849;17,902687;0,523333;9,166739;1521;6118;7639
505;19/05/2021;Summer;No;Few clouds;20,2;18,644676;0,45625;5,626325;3410;4884;8294
506;20/05/2021;Summer;No;Clear;21,179151;19,446449;0,530417;17,042589;2704;4425;7129
507;21/05/2021;Summer;No;Mist + Broken clouds;20,121651;18,586349;0,81125;15,624668;630;3729;4359
508;22/05/2021;Summer;No;Mist;20,905;19,298775;0,765833;7,917189;819;5254;6073
509;23/05/2021;Summer;No;Mist + Broken clouds;21,218349;19,476764;0,774583;6,834;766;4494;5260
510;24/05/2021;Summer;No; Partly cloudy;22,785;20,5149;0,716667;11,584032;1059;5711;6770
511;25/05/2021;Summer;No;Few clouds;23,96;21,493863;0,747083;9,41685;1417;5317;6734
512;26/05/2021;Summer;No; Partly cloudy;24,5475;22,206712;0,7325;13,332464;2855;3681;6536
513;27/05/2021;Summer;No;Clear;24,43;22,146975;0,697083;14,416457;3283;3308;6591
514;28/05/2021;Summer;Yes;Few clouds;25,4875;23,9271;0,67625;13,166907;2557;3486;6043
515;29/05/2021;Summer;No; Partly    cloudy;25,9575;23,630624;0,684583;19,7918;880;4863;5743
516;30/05/2021;Summer;No;Mist + Broken clouds;22,863349;20,723063;0,67;9,000043;745;6110;6855
517;31/05/2021;Summer;No;Clear;23,96;21,672463;0,492917;13,083693;1100;6238;7338
518;1/06/2021;Summer;No;Mist;22,745849;20,574214;0,755417;15,916721;533;3594;4127
519;2/06/2021;Summer;No;Clear;19,416651;18,615536;0,549167;12,499654;2795;5325;8120
520;3/06/2021;Summer;No;Clear;20,3175;19,031251;0,493333;12,333829;2494;5147;7641
521;4/06/2021;Summer;No; Partly    cloudy;20,0825;19,179301;0,487083;19,083811;1071;5927;6998
522;5/06/2021;Summer;No;Mist + Few clouds;17,419151;16,716924;0,613333;14,041525;968;6033;7001
523;6/06/2021;Summer;No;Clear;18,045849;17,487724;0,61125;5,167375;1027;6028;7055
524;7/06/2021;Summer;No;Clear;20,3175;18,763774;0,567083;10,54245;1038;6456;7494
525;8/06/2021;Summer;No;Clear;22,510849;20,099514;0,467917;11,750661;1488;6248;7736
526;9/06/2021;Summer;No; Partly    cloudy;25,409151;22,473249;0,437083;9,667229;2708;4790;7498
527;10/06/2021;Summer;No; Partly    cloudy;26,153349;23,185299;0,538333;8,959307;2224;4374;6598
528;11/06/2021;Summer;No;Mist;25,879151;23,006887;0,587917;13,916771;1017;5647;6664
529;12/06/2021;Summer;No;Mist + Cloudy;22,706651;20,100125;0,833333;14,374582;477;4495;4972
530;13/06/2021;Summer;No; Partly cloudy;22,824151;20,722499;0,582083;22,999693;1173;6248;7421
531;14/06/2021;Summer;No; Partly    cloudy;22,471651;21,346001;0,569583;17,000111;1180;6183;7363
532;15/06/2021;Summer;No;Clear;22,040849;20,188438;0,589583;11,833339;1563;6102;7665
533;16/06/2021;Summer;No;Few clouds;21,688349;19,951276;0,504167;11,166689;2963;4739;7702
534;17/06/2021;Summer;No; Partly    cloudy;19,8475;18,882825;0,59875;9,708568;2634;4344;6978
535;18/06/2021;Summer;No;Mist + Broken clouds;18,711651;17,607574;0,777917;11,707982;653;4446;5099
536;19/06/2021;Summer;No;Clear;24,351651;22,770524;0,69;9,917139;968;5857;6825
537;20/06/2021;Summer;No;Few clouds;28,7775;25,885825;0,592083;7,625404;872;5339;6211
538;21/06/2021;Fall;No; Partly    cloudy;29,874151;27,369474;0,567917;7,958729;778;5127;5905
539;22/06/2021;Fall;No; Partly    cloudy;28,5425;26,033687;0,57375;12,250414;964;4859;5823
540;23/06/2021;Fall;No;Clear;26,388349;22,681224;0,534583;12,041307;2657;4801;7458
541;24/06/2021;Fall;No; Partly    cloudy;26,936651;23,689938;0,479167;9,750175;2551;4340;6891
542;25/06/2021;Fall;No; Partly    cloudy;25,644151;22,739974;0,504167;20,125661;1139;5640;6779
543;26/06/2021;Fall;No; Partly    cloudy;21,649151;19,951088;0,373333;23,292014;1077;6365;7442
544;27/06/2021;Fall;No;Few clouds;24,7825;22,117224;0,36;18,208925;1077;6258;7335
545;28/06/2021;Fall;No;Few clouds;27,210849;23,749064;0,4225;11,50055;921;5958;6879
546;29/06/2021;Fall;No; Partly cloudy;31,205849;28,970811;0,48875;11,082939;829;4634;5463
547;30/06/2021;Fall;No; Partly    cloudy;27,955;24,312876;0,60125;10,791757;1455;4232;5687
548;1/07/2021;Fall;No;Few clouds;30,344151;27,279563;0,51875;11,291443;1421;4110;5531
549;2/07/2021;Fall;No;Few clouds;28,738349;24,995786;0,447083;13,082889;904;5323;6227
550;3/07/2021;Fall;No; Partly cloudy;28,699151;25,02455;0,492083;8,457879;1052;5608;6660
551;4/07/2021;Fall;Yes; Partly cloudy;29,090849;26,419839;0,53875;9,04165;2562;4841;7403
552;5/07/2021;Fall;No; Partly    cloudy;30,8925;27,784249;0,457917;12,999943;1405;4836;6241
553;6/07/2021;Fall;No; Partly    cloudy;30,931651;27,369051;0,450833;9,791514;1366;4841;6207
554;7/07/2021;Fall;No;Clear;32,498349;29,830911;0,492083;10,958118;1448;3392;4840
555;8/07/2021;Fall;No; Partly    cloudy;30,6575;29,148612;0,57375;8,417143;1203;3469;4672
556;9/07/2021;Fall;No;Mist + Cloudy;25,409151;22,740538;0,683333;12,125325;998;5571;6569
557;10/07/2021;Fall;No;Mist + Few clouds;25,879151;23,245412;0,6675;10,166379;954;5336;6290
558;11/07/2021;Fall;No;Few clouds;25,683349;22,562737;0,633333;10,166111;975;6289;7264
559;12/07/2021;Fall;No; Partly cloudy;25,644151;22,770101;0,529583;9,833925;1032;6414;7446
560;13/07/2021;Fall;No;Mist + Cloudy;26,388349;23,392851;0,485833;5,41695;1511;5988;7499
561;14/07/2021;Fall;No;Mist + Cloudy;25,056651;23,303974;0,699167;9,626493;2355;4614;6969
562;15/07/2021;Fall;No;Clear;27,054151;25,144212;0,717917;11,166689;1920;4111;6031
563;16/07/2021;Fall;No;Clear;;26,033875;0,645;11,000529;1088;5742;6830
564;17/07/2021;Fall;No; Partly cloudy;30,461651;27,517101;0,505833;7,666743;921;5865;6786
565;18/07/2021;Fall;No;Clear;29,286651;27,042401;0,577083;9,208614;799;4914;5713
566;19/07/2021;Fall;No;Few clouds;28,19;25,588174;0,600417;11,083743;888;5703;6591
567;20/07/2021;Fall;No;Mist + Cloudy;23,294151;20,812175;0,844167;14,000789;747;5123;5870
568;21/07/2021;Fall;No;Rain + Thunderstorm;20,004151;17,845864;0,865417;14,2911;1264;3195;4459
569;22/07/2021;Fall;No;Mist + Cloudy;23,3725;21,286875;0,7625;6,2926936;2544;4866;7410
570;23/07/2021;Fall;No;Few clouds;26,858349;24,430799;0,694167;9,291761;1135;5831;6966
571;24/07/2021;Fall;No; Partly cloudy;27,289151;25,20315;0,655;14,167418;1140;6452;7592
572;25/07/2021;Fall;No;Few clouds;26,035849;22,740538;0,45;11,0416;1383;6790;8173
573;26/07/2021;Fall;No; Partly    cloudy;28,503349;26,745361;0,596667;19,082471;1036;5825;6861
574;27/07/2021;Fall;No; Partly cloudy;28,738349;26,508199;0,594583;10,250464;1259;5645;6904
575;28/07/2021;Fall;No; Partly cloudy;27,524151;24,787388;0,613333;10,54245;2234;4451;6685
576;29/07/2021;Fall;No; Partly    cloudy;25,918349;23,392851;0,62375;11,416532;2153;4444;6597
577;30/07/2021;Fall;No; Partly cloudy;26,349151;24,194389;0,66875;10,292339;1040;6065;7105
578;31/07/2021;Fall;No;Few clouds;25,526651;23,156112;0,704167;11,083475;968;6248;7216
579;1/08/2021;Fall;No;Clear;25,7225;23,363476;0,6775;9,458993;1074;6506;7580
580;2/08/2021;Fall;No; Partly    cloudy;27,3675;25,233136;0,659583;8,666718;983;6278;7261
581;3/08/2021;Fall;No;Mist + Cloudy;27,994151;25,974749;0,6425;14,458064;1328;5847;7175
582;4/08/2021;Fall;No;Few clouds;29,286651;27,309549;0,613333;17,249686;2345;4479;6824
583;5/08/2021;Fall;No;Clear;28,150849;26,360713;0,6525;19,458207;1707;3757;5464
584;6/08/2021;Fall;No;Mist + Cloudy;27,3675;25,381562;0,654167;8,666718;1233;5780;7013
585;7/08/2021;Fall;No;Mist + Cloudy;26,584151;24,788187;0,70375;7,832836;1278;5995;7273
586;8/08/2021;Fall;No;Mist + Broken clouds;27,25;25,262699;0,672917;7,4169;1263;6271;7534
587;9/08/2021;Fall;No; Partly    cloudy;27,524151;24,876876;0,620417;10,4587;1196;6090;7286
588;10/08/2021;Fall;No;Mist;25,644151;23,393274;0,715833;16,000471;1065;4721;5786
589;11/08/2021;Fall;No;Mist;24,5475;21,998549;0,732917;13,834093;2247;4052;6299
590;12/08/2021;Fall;No; Partly    cloudy;24,939151;22,295213;0,530417;8,208304;2182;4362;6544
591;13/08/2021;Fall;No;Clear;25,879151;23,125938;0,545417;9,126204;1207;5676;6883
592;14/08/2021;Fall;No;Clear;26,153349;23,808613;0,686667;11,333586;1128;5656;6784
593;15/08/2021;Fall;No; Partly cloudy;25,213349;22,739739;0,619583;11,374657;1198;6149;7347
594;16/08/2021;Fall;No; Partly    cloudy;25,800849;22,770336;0,519167;9,500332;1338;6267;7605
595;17/08/2021;Fall;No; Partly cloudy;25,996651;3,3928;0,570833;15,500718;1483;5665;7148
596;18/08/2021;Fall;No;Few clouds;23,881651;21,049337;0,603333;11,917089;2827;5038;7865
597;19/08/2021;Fall;No;Mist + Broken clouds;21,884151;20,367038;0,711667;5,79215;1208;3341;4549
598;20/08/2021;Fall;No;Mist + Broken clouds;21,884151;20,010449;0,734167;8,708593;1026;5504;6530
599;21/08/2021;Fall;No; Partly    cloudy;22,510849;20,248175;0,67375;4,8756436;1081;5925;7006
600;22/08/2021;Fall;No; Partly cloudy;23,3725;21,227138;0,677083;4,7089811;1094;6281;7375
601;23/08/2021;Fall;No; Partly cloudy;24,704151;21,939376;0,635833;5,6679186;1363;6402;7765
602;24/08/2021;Fall;No;Mist + Cloudy;25,0175;22,4137;0,615;4,8337686;1325;6257;7582
603;25/08/2021;Fall;No;Mist + Broken clouds;23,098349;21,078712;0,712917;16,375336;1829;4224;6053
604;26/08/2021;Fall;No;Mist;22,706651;20,011812;0,845833;15,333486;1483;3772;5255
605;27/08/2021;Fall;No; Partly    cloudy;25,056651;22,770336;0,730417;8,625111;989;5928;6917
606;28/08/2021;Fall;No; Partly    cloudy;26,231651;23,30435;0,62;12,791975;935;6105;7040
607;29/08/2021;Fall;No;Few clouds;24,195;21,879451;0,552083;7,541654;1177;6520;7697
608;30/08/2021;Fall;No;Few clouds;25,213349;22,680613;0,590417;5,1668189;1172;6541;7713
609;31/08/2021;Fall;No;Clear;27,915849;24,4018;0,5875;11,291711;1433;5917;7350
610;1/09/2021;Fall;No;Mist + Broken clouds;27,406651;25,024738;0,638333;7,583529;2352;3788;6140
611;2/09/2021;Fall;No;Mist;24,743349;22,503;0,815;4,2927436;2613;3197;5810
612;3/09/2021;Fall;Yes; Partly    cloudy;25,2525;23,096563;0,790833;10,125107;1965;4069;6034
613;4/09/2021;Fall;No;Clear;26,114151;24,283736;0,755;15,833507;867;5997;6864
614;5/09/2021;Fall;No; Partly    cloudy;26,623349;25,322201;0,74125;12,583136;832;6280;7112
615;6/09/2021;Fall;No;Mist + Few clouds;24,743349;22,800463;0,810417;9,542207;611;5592;6203
616;7/09/2021;Fall;No;Clear;25,056651;22,888588;0,73625;11,500282;1045;6459;7504
617;8/09/2021;Fall;No;Mist + Cloudy;22,980849;20,722687;0,799167;18,833968;1557;4419;5976
618;9/09/2021;Fall;No; Partly cloudy;20,67;19,209475;0,5475;15,041232;2570;5657;8227
619;10/09/2021;Fall;No; Partly cloudy;19,416651;18,585738;0,50375;17,333771;1118;6407;7525
620;11/09/2021;Fall;No; Partly    cloudy;19,1425;18,051724;0,52;6,1676314;1070;6697;7767
621;12/09/2021;Fall;No; Partly    cloudy;20,160849;18,793525;0,577083;8,833682;1050;6820;7870
622;13/09/2021;Fall;No;Clear;20,7875;19,239226;0,637083;5,5422936;1054;6750;7804
623;14/09/2021;Fall;No;Few clouds;21,766651;19,921901;0,6725;6,958821;1379;6630;8009
624;15/09/2021;Fall;No;Clear;20,591651;19,535749;0,501667;16,583907;3160;5554;8714
625;16/09/2021;Fall;No; Partly cloudy;19,26;18,466875;0,57;6,0422811;2166;5167;7333
626;17/09/2021;Fall;No;Mist + Cloudy;19,299151;17,99335;0,734583;10,166714;1022;5847;6869
627;18/09/2021;Fall;No;Mist + Broken clouds;21,296651;18,558149;0,8725;23,958329;371;3702;4073
628;19/09/2021;Fall;No;Clear;17,9675;17,398988;0,536667;14,416725;788;6803;7591
629;20/09/2021;Fall;No; Partly    cloudy;17,693349;17,013024;0,618333;7,917189;939;6781;7720
630;21/09/2021;Fall;No;Few clouds;20,160849;18,882637;0,66875;10,333343;1250;6917;8167
631;22/09/2021;Fall;No; Partly    cloudy;22,55;20,692936;0,646667;19,000061;2512;5883;8395
632;23/09/2021;Winter;No; Partly    cloudy;16,870849;16,389851;0,467083;14,958286;2454;5453;7907
633;24/09/2021;Winter;No;Few clouds;16,165849;15,618111;0,492917;9,541068;1001;6435;7436
634;25/09/2021;Winter;No;Few clouds;17,85;17,576413;0,57;15,833507;845;6693;7538
635;26/09/2021;Winter;No; Partly    cloudy;21,845;20,040811;0,630833;16,3748;787;6946;7733
636;27/09/2021;Winter;No;Mist + Broken clouds;22,55;20,574825;0,690833;9,000914;751;6642;7393
637;28/09/2021;Winter;No;Mist + Few clouds;21,100849;19,535561;0,69;-10,999993;1045;6370;7415
638;29/09/2021;Winter;No; Partly    cloudy;17,4975;16,923912;0,542917;15,249468;2589;5966;8555
639;30/09/2021;Winter;No; Partly cloudy;16,753349;16,330161;0,583333;9,042186;2015;4874;6889
640;1/10/2021;Winter;No;Mist + Few clouds;16,479151;16,064;0,649167;6,0838814;763;6015;6778
641;2/10/2021;Winter;No;Rain + Thunderstorm;19,769151;17,489651;0,871667;6,999825;315;4324;4639
642;3/10/2021;Winter;No;Mist + Broken clouds;22,9025;20,159251;0,79375;4,4585686;728;6844;7572
643;4/10/2021;Winter;No;Mist + Cloudy;22,9025;20,574825;0,722917;7,875582;891;6437;7328
644;5/10/2021;Winter;No; Partly cloudy;20,905;19,268789;0,6275;7,12545;1516;6640;8156
645;6/10/2021;Winter;No;Clear;18,045849;17,310487;0,664167;17,957675;3031;4934;7965
646;7/10/2021;Winter;No;Mist + Broken clouds;11,544151;11,731211;0,708333;9,457854;781;2729;3510
647;8/10/2021;Winter;Yes;Mist;10,016651;10,217576;0,709583;12,708493;874;4604;5478
648;9/10/2021;Winter;No;Mist + Few clouds;12,993349;12,591264;0,761667;12,7501;601;5791;6392
649;10/10/2021;Winter;No;Few clouds;16,165849;15,647674;0,630833;12,584007;780;6911;7691
650;11/10/2021;Winter;No;Clear;12,445;12,264849;0,463333;12,166932;834;6736;7570
651;12/10/2021;Winter;No;Few clouds;12,5625;12,354337;0,539167;15,751164;1060;6222;7282
652;13/10/2021;Winter;No; Partly cloudy;10,486651;10,395612;0,494583;9,791514;2252;4857;7109
653;14/10/2021;Winter;No;Few clouds;16,518349;15,885588;0,640417;18,667004;2080;4559;6639
654;15/10/2021;Winter;No;Mist + Cloudy;18,398349;17,34005;0,7075;19,834479;760;5115;5875
655;16/10/2021;Winter;No;Clear;14,011651;13,659762;0,558333;12,208807;922;6612;7534
656;17/10/2021;Winter;No;Few clouds;13,424151;13,155076;0,692917;6,791857;979;6482;7461
657;18/10/2021;Winter;No;Mist + Broken clouds;16,5575;16,093375;0,728333;15,874779;1008;6501;7509
658;19/10/2021;Winter;No;Mist + Cloudy;18,476651;17,281112;0,815;9,041918;753;4671;5424
659;20/10/2021;Winter;No; Partly    cloudy;14,755849;14,223574;0,572917;7,874979;2806;5284;8090
660;21/10/2021;Winter;No;Clear;13,815849;13,452163;0,51;11,125618;2132;4692;6824
661;22/10/2021;Winter;No; Partly    cloudy;14,9125;14,698274;0,568333;5,4593811;830;6228;7058
662;23/10/2021;Winter;No; Partly    cloudy;17,575849;16,924288;0,641667;6,3345686;841;6625;7466
663;24/10/2021;Winter;No;Few clouds;19,6125;18,259887;0,63625;4,8762064;795;6898;7693
664;25/10/2021;Winter;No;Mist;17,85;16,895336;0,800417;8,333125;875;6484;7359
665;26/10/2021;Winter;No;Mist + Few clouds;17,654151;16,56925;0,807083;8,875289;1182;6262;7444
666;27/10/2021;Winter;No;Mist + Broken clouds;16,91;16,211251;0,72;15,791364;2643;5209;7852
667;28/10/2021;Winter;No;Mist + Broken clouds;14,4425;13,985237;0,694583;26,666536;998;3461;4459
668;29/10/2021;Winter;No;Snow;12,68;12,6518;0,88;23,9994;2;20;22
669;30/10/2021;Winter;No;Mist;6,954554;6,565723;0,825455;14,271603;87;1009;1096
670;31/10/2021;Winter;No;Mist + Cloudy;8,8025;8,9717;0,666667;11,166689;419;5147;5566
671;1/11/2021;Winter;No;Mist + Cloudy;9,194151;9,387274;0,581667;10,542182;466;5520;5986
672;2/11/2021;Winter;No;Few clouds;8,685;8,733974;0,522083;17,833725;618;5229;5847
673;3/11/2021;Winter;No;Mist;8,136651;7,220762;0,49125;18,125443;1029;4109;5138
674;4/11/2021;Winter;No;Few clouds;7,314151;7,488286;0,532917;12,000236;1201;3906;5107
675;5/11/2021;Winter;No;Clear;7,000849;6,479525;0,494167;15,833775;378;4881;5259
676;6/11/2021;Winter;No; Partly cloudy;5,199151;5,233649;0,567083;11,625371;466;5220;5686
677;7/11/2021;Winter;No;Mist + Broken clouds;5,904151;4,907187;0,5475;20,375236;326;4709;5035
678;8/11/2021;Winter;No;Clear;8,552178;8,068877;0,333478;23,304945;340;4975;5315
679;9/11/2021;Winter;No; Partly cloudy;8,998349;8,704411;0,540833;14,375386;709;5283;5992
680;10/11/2021;Winter;No;Clear;10,290849;10,515039;0,645417;3,8756686;2090;4446;6536
681;11/11/2021;Winter;No; Partly    cloudy;11,779151;11,820511;0,659167;8,5425;2290;4562;6852
682;12/11/2021;Winter;Yes;Few clouds;14,795;14,343001;0,741667;11,625639;1097;5172;6269
683;13/11/2021;Winter;No;Mist;8,136651;7,191575;0,662917;22,917082;327;3767;4094
684;14/11/2021;Winter;No;Few clouds;5,590849;5,233461;0,552083;13,374875;373;5122;5495
685;15/11/2021;Winter;No;Mist + Cloudy;7,118349;7,251124;0,620417;10,250129;320;5125;5445
686;16/11/2021;Winter;No; Partly    cloudy;8,215;8,318588;0,524583;11,458675;484;5214;5698
687;17/11/2021;Winter;No;Few clouds;7,275;7,340001;0,545417;12,041843;1313;4316;5629
688;18/11/2021;Winter;No; Partly    cloudy;8,0975;7,874062;0,692917;15,250004;922;3747;4669
689;19/11/2021;Winter;No;Mist + Cloudy;9,899151;9,654187;0,623333;15,749489;449;5050;5499
690;20/11/2021;Winter;No;Mist + Cloudy;9,585849;9,891349;0,685;5,542575;534;5100;5634
691;21/11/2021;Winter;No; Partly    cloudy;8,606651;9,149924;0,61375;6,917482;615;4531;5146
692;22/11/2021;Winter;Yes; Partly    cloudy;7,98;8,467437;0,580417;3,5423436;955;1470;2425
693;23/11/2021;Winter;No; Partly    cloudy;9,311651;9,802613;0,56875;9,917407;1603;2307;3910
694;24/11/2021;Winter;No; Partly cloudy;5,081651;3,690874;0,404583;25,250357;532;1745;2277
695;25/11/2021;Winter;No; Partly    cloudy;3,554151;4,106401;0,468333;10,0835;309;2115;2424
696;26/11/2021;Winter;No; Partly cloudy;6,726651;7,933188;0,535417;3,12555;337;4750;5087
697;27/11/2021;Winter;No;Mist + Cloudy;5,708349;5,233226;0,786667;15,916654;123;3836;3959
698;28/11/2021;Winter;No; Partly    cloudy;5,943349;5,618814;0,50625;14,125007;198;5062;5260
699;29/11/2021;Winter;No; Partly    cloudy;5,20089;6,025834;0,555652;7,739974;243;5080;5323
700;30/11/2021;Winter;No;Few clouds;6,021651;7,221749;0,649583;3,9175436;362;5306;5668
701;1/12/2021;Winter;No;Mist + Broken clouds;6,021651;6,894488;0,806667;4,0001814;951;4240;5191
702;2/12/2021;Winter;No;Mist + Cloudy;8,3325;8,882776;0,823333;8,333393;892;3757;4649
703;3/12/2021;Winter;No;Few clouds;13,2675;13,422412;0,7675;5,5422936;555;5679;6234
704;4/12/2021;Winter;No; Partly cloudy;14,364151;14,045538;0,73375;11,666643;551;6055;6606
705;5/12/2021;Winter;No; Partly cloudy;12,601651;12,116564;0,485;21,709407;331;5398;5729
706;6/12/2021;Winter;No;Clear;4,024151;4,135588;0,50875;11,708518;340;5035;5375
707;7/12/2021;Winter;No;Mist + Few clouds;7,079151;7,132026;0,764167;8,7502;349;4659;5008
708;8/12/2021;Winter;No;Mist + Few clouds;9,938349;10,306876;0,91125;6,792393;1153;4429;5582
709;9/12/2021;Winter;No;Mist + Few clouds;10,055849;10,336862;0,905417;10,584325;441;2787;3228
710;10/12/2021;Winter;No;Mist + Few clouds;12,484151;12,472025;0,925;12,750636;329;4841;5170
711;11/12/2021;Winter;No;Mist;8,606651;7,903061;0,596667;19,834479;282;5219;5501
712;12/12/2021;Winter;No;Mist;5,9825;5,974886;0,538333;10,916779;310;5009;5319
713;13/12/2021;Winter;No;Clear;5,904151;5,826836;0,485833;11,666643;425;5107;5532
714;14/12/2021;Winter;No;Clear;5,238349;5,827024;0,642917;8,792343;429;5182;5611
715;15/12/2021;Winter;No;Clear;7,235849;7,904001;0,650417;7,12545;767;4280;5047
716;16/12/2021;Winter;No;Mist + Broken clouds;9,0375;9,387086;0,83875;6,749714;538;3248;3786
717;17/12/2021;Winter;No;Mist;10,486651;10,8705;0,907083;6,5833061;212;4373;4585
718;18/12/2021;Winter;No;Few clouds;11,309151;11,256276;0,66625;14,834068;433;5124;5557
719;19/12/2021;Winter;No;Few clouds;7,6275;8,081614;0,625417;12,334164;333;4934;5267
720;20/12/2021;Winter;No;Mist + Broken clouds;7,51;7,755199;0,667917;8,875021;314;3814;4128
721;21/12/2021;Springer;No;Mist;7,353349;6,183049;0,556667;25,083661;221;3402;3623
722;22/12/2021;Springer;No; Partly    cloudy;;3,097311;10,44125;27,292182;205;1544;1749
723;23/12/2021;Springer;No; Partly    cloudy;3,554151;4,195137;0,515417;8,916561;408;1379;1787
724;24/12/2021;Springer;No;Mist + Few clouds;2,871288;4,1683;0,791304;5,1744368;174;746;920
725;25/12/2021;Springer;Yes;Mist + Broken clouds;5,691288;5,839855;0,734783;11,304642;440;573;1013
726;26/12/2021;Springer;No;Rain + Thunderstorm;3,436651;2,355651;0,823333;21,208582;9;432;441
727;27/12/2021;Springer;No;Mist + Cloudy;3,945849;2,652174;0,652917;23,458911;247;1867;2114
728;28/12/2021;Springer;No;Mist + Few clouds;3,906651;3,987162;0,59;10,416557;644;2451;3095
729;29/12/2021;Springer;No;Mist;3,906651;3,3928;0,752917;8,333661;159;1182;1341
730;30/12/2021;Springer;No;Few clouds;4,024151;2,8899;0,483333;23,500518;364;1432;1796
731;31/12/2021;Springer;No;Mist + Few clouds;2,144151;2,503889;0,5775;10,374682;439;2290;2729
